CustomerID,TransactionDate,ProductID,ProductCategory,Quantity,UnitPrice,TotalPrice
C0098,2021-01-29,P006,Electronics,4,34.96706658847076,139.86826635388303
C0085,2021-03-06,P019,Home Decor,1,97.54296135961282,97.54296135961282
C0082,2020-02-11,P016,Clothing,2,79.05915855591456,158.11831711182913
C0060,2020-09-22,P003,Clothing,1,74.29325215052882,74.29325215052882
C0018,2021-06-07,P012,Home Decor,2,35.47949156154929,70.95898312309858
C0011,2021-05-12,P016,Electronics,3,19.47597655039634,58.42792965118902
C0010,2021-02-18,P019,Clothing,1,91.32389624582484,91.32389624582484
C0063,2020-11-06,P004,Home Decor,2,20.856477991780892,41.712955983561784
C0058,2021-05-03,P008,Clothing,2,23.883952952633788,47.767905905267575
C0026,2021-01-01,P005,Electronics,5,93.95934024391983,469.79670121959913
C0042,2021-08-20,P016,Electronics,3,76.89896134156497,230.6968840246949
C0005,2020-08-11,P003,Clothing,5,93.66862748584758,468.3431374292379
C0008,2021-05-31,P013,Electronics,1,40.42860548896691,40.42860548896691
C0083,2020-05-22,P018,Books,5,30.58272153062923,152.91360765314613
C0046,2020-10-15,P014,Books,3,71.29947933965619,213.89843801896856
C0035,2020-05-23,P008,Electronics,3,97.77797650534303,293.3339295160291
C0026,2020-04-07,P001,Clothing,4,51.83366064889808,207.33464259559233
C0041,2021-09-25,P013,Electronics,4,51.5598194912353,206.2392779649412
C0091,2020-09-13,P005,Books,1,94.21844279689353,94.21844279689353
C0099,2021-06-29,P011,Home Decor,5,99.89780285157613,499.4890142578806
C0066,2021-12-23,P010,Clothing,5,84.56492957195816,422.8246478597908
C0022,2021-09-08,P012,Clothing,4,29.858984804202734,119.43593921681094
C0009,2020-05-30,P002,Electronics,5,45.93593899309632,229.67969496548162
C0073,2020-11-13,P003,Clothing,4,38.00849991888571,152.03399967554284
C0025,2020-04-11,P018,Electronics,4,30.93908196916546,123.75632787666184
C0053,2020-03-16,P007,Electronics,3,56.612635042912935,169.8379051287388
C0046,2021-12-01,P007,Home Decor,4,10.147713335384235,40.59085334153694
C0098,2020-12-04,P003,Books,2,52.458947141044376,104.91789428208875
C0002,2021-04-28,P020,Home Decor,3,45.484156684488575,136.45247005346573
C0026,2021-07-27,P020,Clothing,3,95.4818318073752,286.4454954221256
C0058,2020-04-13,P013,Clothing,1,83.86895959885727,83.86895959885727
C0055,2020-12-28,P004,Books,1,48.82160930764135,48.82160930764135
C0013,2021-03-20,P009,Books,1,14.376668123784949,14.376668123784949
C0034,2020-11-19,P001,Books,2,79.42296485334066,158.84592970668132
C0057,2021-09-17,P016,Home Decor,3,46.58525525341211,139.75576576023633
C0054,2021-10-17,P003,Electronics,1,33.711639106475914,33.711639106475914
C0039,2020-07-28,P011,Electronics,3,75.28869591216028,225.86608773648084
C0021,2021-07-19,P015,Clothing,1,26.071443112043575,26.071443112043575
C0010,2021-05-03,P014,Home Decor,2,26.274091167367764,52.54818233473553
C0065,2021-03-29,P006,Books,1,72.87837105075948,72.87837105075948
C0027,2021-06-17,P009,Books,4,12.543628149003025,50.1745125960121
C0081,2020-09-23,P019,Home Decor,2,95.75972329029774,191.51944658059548
C0027,2020-03-04,P002,Electronics,5,10.72831790477385,53.64158952386924
C0078,2021-07-15,P005,Books,4,58.11192572419051,232.44770289676205
C0009,2020-01-15,P006,Home Decor,5,21.66905030968956,108.3452515484478
C0015,2020-04-05,P007,Clothing,2,83.93550496114861,167.87100992229722
C0003,2021-02-12,P003,Books,4,64.52909532297467,258.1163812918987
C0097,2021-12-28,P017,Books,2,92.12360283689895,184.2472056737979
C0045,2021-11-15,P010,Books,3,17.340793510492947,52.022380531478845
C0064,2021-10-02,P017,Clothing,5,51.9481391295306,259.740695647653
C0078,2020-01-02,P002,Electronics,1,86.29894644122248,86.29894644122248
C0052,2021-09-18,P006,Home Decor,5,56.81986265397387,284.09931326986936
C0078,2021-05-20,P003,Books,1,65.92566181830902,65.92566181830902
C0047,2020-12-07,P006,Home Decor,3,47.368353650048995,142.105060950147
C0085,2020-09-06,P019,Clothing,3,58.32386192636322,174.97158577908965
C0075,2020-11-29,P005,Home Decor,5,93.33818689798626,466.6909344899313
C0020,2021-12-21,P020,Electronics,4,30.425474893666227,121.7018995746649
C0084,2020-03-05,P004,Home Decor,3,47.388250487846264,142.16475146353878
C0027,2020-07-14,P014,Electronics,3,52.72164167958764,158.16492503876293
C0084,2021-08-04,P003,Clothing,1,10.033285835558308,10.033285835558308
C0071,2020-08-15,P020,Clothing,5,28.909324365198756,144.54662182599378
C0020,2020-09-01,P014,Books,1,97.8459204650024,97.8459204650024
C0089,2020-05-25,P020,Home Decor,2,13.707587088782255,27.41517417756451
C0027,2021-07-10,P007,Books,3,95.90832385598564,287.7249715679569
C0041,2021-04-03,P008,Books,1,12.569749075568867,12.569749075568867
C0061,2020-04-03,P018,Electronics,2,41.236187244555026,82.47237448911005
C0027,2020-03-23,P014,Home Decor,5,43.0719501855748,215.359750927874
C0088,2020-11-23,P011,Clothing,3,40.35929397453454,121.07788192360361
C0070,2021-06-04,P014,Clothing,2,50.85210299243954,101.70420598487908
C0021,2021-05-16,P006,Books,2,22.0940647544802,44.1881295089604
C0027,2020-04-21,P015,Home Decor,3,56.53277455482323,169.5983236644697
C0071,2020-11-04,P011,Clothing,3,32.65464473565679,97.96393420697036
C0082,2021-07-18,P015,Clothing,3,19.293127837298595,57.87938351189578
C0066,2020-10-25,P018,Clothing,5,19.31386034606696,96.5693017303348
C0044,2021-12-24,P003,Books,4,12.17185685270698,48.68742741082792
C0033,2020-05-07,P020,Books,3,22.770750566375018,68.31225169912506
C0073,2021-07-14,P014,Home Decor,4,79.49003189278119,317.96012757112476
C0020,2020-12-06,P008,Books,3,22.23138767556702,66.69416302670106
C0042,2021-07-07,P003,Books,2,28.63799155939986,57.27598311879972
C0094,2020-07-27,P003,Electronics,1,97.82841294558682,97.82841294558682
C0097,2021-09-09,P015,Electronics,3,38.758323327817365,116.2749699834521
C0013,2021-07-14,P016,Books,5,47.90549446434598,239.52747232172987
C0036,2021-08-24,P016,Books,1,55.03331244610807,55.03331244610807
C0073,2020-10-21,P004,Books,1,60.36383807284939,60.36383807284939
C0048,2021-03-31,P018,Home Decor,4,72.38132590052076,289.52530360208306
C0018,2020-04-03,P005,Home Decor,4,52.71498666114546,210.85994664458184
C0084,2021-09-02,P019,Home Decor,4,55.80971926744302,223.2388770697721
C0043,2021-01-29,P019,Clothing,1,50.29214480729347,50.29214480729347
C0044,2020-11-20,P012,Electronics,4,26.08084582493629,104.32338329974516
C0037,2021-08-12,P005,Home Decor,4,59.29972343581452,237.19889374325808
C0011,2020-09-04,P010,Home Decor,4,21.599358673837738,86.39743469535095
C0009,2020-10-24,P004,Clothing,4,32.899098872772704,131.59639549109082
C0081,2020-07-07,P009,Clothing,1,17.069490632775903,17.069490632775903
C0014,2020-07-12,P019,Electronics,1,55.48958316596894,55.48958316596894
C0002,2020-07-10,P019,Home Decor,1,83.80803513510396,83.80803513510396
C0081,2020-02-03,P020,Electronics,2,87.69450464114962,175.38900928229924
C0086,2021-09-19,P016,Clothing,1,50.84215240450435,50.84215240450435
C0039,2021-11-03,P003,Home Decor,2,41.59437867440014,83.18875734880028
C0049,2020-09-23,P017,Electronics,4,79.76980525372412,319.07922101489646
C0040,2021-05-02,P008,Home Decor,2,46.92536936813898,93.85073873627796
C0073,2020-03-11,P003,Clothing,4,50.229874142313186,200.91949656925274
C0043,2020-04-01,P019,Electronics,5,89.92246531352842,449.61232656764207
C0068,2021-11-26,P010,Clothing,1,59.72174425749047,59.72174425749047
C0030,2020-05-13,P016,Electronics,4,96.27175680383036,385.0870272153214
C0018,2020-06-02,P007,Clothing,5,79.77349229266585,398.8674614633293
C0028,2020-02-09,P013,Electronics,4,30.158515637025264,120.63406254810106
C0013,2020-03-23,P010,Electronics,1,31.69535288802917,31.69535288802917
C0067,2021-12-17,P006,Home Decor,2,52.9508798029915,105.901759605983
C0034,2021-07-07,P009,Clothing,2,22.689315755243257,45.378631510486514
C0097,2021-11-30,P016,Home Decor,4,49.681799974418546,198.72719989767418
C0001,2021-02-04,P010,Electronics,2,42.39794178900435,84.7958835780087
C0034,2021-12-23,P004,Home Decor,2,53.75668655298824,107.51337310597648
C0034,2021-06-21,P016,Electronics,3,93.86833134039563,281.6049940211869
C0085,2020-10-09,P018,Electronics,3,23.392745012031618,70.17823503609486
C0025,2021-06-18,P005,Books,3,84.84218408923013,254.5265522676904
C0089,2020-08-29,P013,Electronics,4,71.60494720846478,286.4197888338591
C0058,2020-08-08,P009,Home Decor,1,26.884610556001046,26.884610556001046
C0027,2021-11-26,P013,Clothing,5,93.94924995752007,469.74624978760033
C0018,2021-08-26,P012,Electronics,3,66.78130984741941,200.34392954225822
C0045,2021-03-05,P006,Electronics,5,21.048034318966806,105.24017159483404
C0002,2021-08-16,P011,Home Decor,5,15.309723868665607,76.54861934332803
C0001,2020-10-08,P001,Books,2,40.85298026577847,81.70596053155694
C0033,2021-04-06,P001,Home Decor,3,40.09963213133224,120.29889639399673
C0021,2021-05-19,P020,Books,4,65.96073837924595,263.8429535169838
C0055,2021-11-07,P009,Home Decor,5,24.431958041469333,122.15979020734666
C0051,2021-10-18,P008,Clothing,5,91.00320273767463,455.01601368837316
C0031,2021-12-18,P018,Home Decor,4,45.12689635902839,180.50758543611357
C0010,2020-12-31,P005,Home Decor,5,26.886871733011528,134.43435866505763
C0055,2020-03-25,P014,Clothing,3,54.648964682852096,163.9468940485563
C0029,2020-11-28,P003,Home Decor,3,25.07599841937749,75.22799525813247
C0007,2021-09-19,P003,Electronics,2,14.242005279914977,28.484010559829954
C0093,2020-04-28,P013,Electronics,1,95.32967248683427,95.32967248683427
C0012,2021-05-13,P006,Clothing,1,79.49464750664012,79.49464750664012
C0017,2021-08-24,P010,Clothing,5,40.50673916853995,202.53369584269976
C0017,2021-10-07,P005,Books,1,78.38560485383576,78.38560485383576
C0047,2020-12-09,P016,Books,2,84.6825946635163,169.3651893270326
C0091,2020-07-13,P019,Electronics,4,26.887884476433932,107.55153790573573
C0070,2020-09-05,P012,Books,2,39.52463445431234,79.04926890862468
C0044,2020-01-17,P004,Books,2,56.72893779782658,113.45787559565316
C0084,2020-10-04,P007,Home Decor,3,58.850007758527184,176.55002327558157
C0003,2020-04-29,P016,Home Decor,1,86.61828393864408,86.61828393864408
C0038,2021-12-23,P018,Books,5,62.44249194162901,312.21245970814505
C0097,2020-08-13,P007,Home Decor,5,23.69335470362561,118.46677351812804
C0011,2021-01-15,P003,Books,4,71.98612433367285,287.9444973346914
C0009,2020-06-23,P007,Electronics,1,54.40999106240921,54.40999106240921
C0077,2020-12-06,P018,Clothing,1,69.6882838857641,69.6882838857641
C0021,2021-03-12,P003,Electronics,4,93.59257697465974,374.37030789863894
C0073,2020-03-04,P015,Clothing,3,63.82573932203756,191.47721796611268
C0023,2020-04-13,P012,Clothing,1,12.961627631389835,12.961627631389835
C0065,2020-05-29,P019,Clothing,5,53.89821753982837,269.4910876991419
C0051,2021-12-15,P015,Electronics,3,64.35716432271394,193.07149296814183
C0084,2020-08-12,P010,Clothing,2,38.59187170880824,77.18374341761648
C0019,2020-02-16,P013,Clothing,5,75.79904040452273,378.9952020226136
C0064,2021-08-10,P019,Home Decor,3,10.046295627346494,30.13888688203948
C0001,2021-10-11,P010,Home Decor,2,15.603827402556316,31.207654805112632
C0043,2021-07-01,P007,Home Decor,2,31.856475322617104,63.71295064523421
C0095,2021-09-08,P013,Clothing,1,88.6740852197883,88.6740852197883
C0024,2021-11-27,P005,Books,5,64.89754587530962,324.4877293765481
C0035,2020-03-16,P013,Books,3,69.4748102993282,208.4244308979846
C0032,2020-01-28,P009,Home Decor,3,19.81487793904128,59.444633817123844
C0063,2020-05-07,P011,Books,2,96.90875528865827,193.81751057731654
C0077,2021-10-12,P007,Home Decor,3,56.414966123532295,169.2448983705969
C0047,2020-07-12,P020,Home Decor,4,93.21460908737414,372.85843634949657
C0075,2021-09-12,P019,Electronics,3,67.06590316409668,201.19770949229004
C0091,2021-08-12,P006,Electronics,5,35.77532045310023,178.87660226550113
C0035,2020-05-02,P016,Home Decor,2,71.47223770941389,142.94447541882778
C0078,2021-02-04,P015,Electronics,2,54.408673954682314,108.81734790936463
C0019,2020-04-03,P002,Home Decor,1,27.293157835967946,27.293157835967946
C0023,2021-01-14,P017,Clothing,5,43.53744067373247,217.68720336866235
C0047,2020-04-28,P016,Books,5,85.89140915936274,429.4570457968137
C0065,2020-02-07,P001,Home Decor,3,74.5755301373688,223.72659041210642
C0038,2021-09-12,P002,Books,3,45.17359882221294,135.5207964666388
C0063,2020-01-23,P019,Books,5,99.10216919847551,495.51084599237754
C0095,2020-07-18,P006,Clothing,1,38.57743625446885,38.57743625446885
C0029,2020-07-08,P016,Clothing,2,99.2664288891216,198.5328577782432
C0025,2020-05-06,P006,Home Decor,4,16.05908947581522,64.23635790326088
C0099,2021-05-05,P001,Electronics,2,29.779675959601132,59.559351919202264
C0046,2020-08-03,P015,Electronics,2,20.196709764360413,40.39341952872083
C0052,2020-03-03,P013,Clothing,5,24.019317745015556,120.09658872507778
C0091,2021-11-26,P017,Home Decor,1,94.27618969578326,94.27618969578326
C0020,2020-01-24,P015,Books,2,95.5639511477136,191.1279022954272
C0039,2021-07-11,P020,Books,2,73.69787252436294,147.39574504872587
C0071,2021-03-11,P019,Books,4,28.90179842927385,115.6071937170954
C0034,2021-09-27,P015,Home Decor,5,43.108868028070674,215.54434014035337
C0014,2020-04-13,P005,Books,2,14.194280891977476,28.388561783954952
C0050,2020-09-23,P008,Clothing,2,46.55243246748329,93.10486493496659
C0090,2020-03-12,P013,Home Decor,2,17.881144708771526,35.76228941754305
C0080,2020-08-14,P011,Clothing,2,47.110339572225826,94.22067914445165
C0088,2020-03-14,P009,Clothing,4,61.26505209991158,245.0602083996463
C0037,2021-10-24,P013,Electronics,3,81.16492977012635,243.49478931037905
C0020,2020-11-04,P011,Clothing,5,58.67595016168139,293.379750808407
C0021,2020-12-24,P018,Home Decor,5,67.00406618693967,335.02033093469834
C0050,2021-03-22,P007,Clothing,2,96.46194435391267,192.92388870782534
C0014,2020-07-03,P009,Home Decor,4,70.18872948195292,280.7549179278117
C0009,2020-03-03,P002,Electronics,1,57.77556976577035,57.77556976577035
C0052,2021-05-30,P003,Clothing,5,91.57859291191251,457.89296455956253
C0068,2021-04-23,P014,Electronics,1,37.77687031189683,37.77687031189683
C0056,2020-02-10,P012,Electronics,5,58.952336597056636,294.7616829852832
C0062,2021-09-02,P020,Clothing,5,15.944074966352577,79.72037483176288
C0021,2020-04-13,P016,Books,3,64.43617826180963,193.3085347854289
C0043,2021-12-17,P008,Electronics,4,75.74331435819212,302.9732574327685
C0055,2021-02-04,P020,Books,4,77.70582468342823,310.82329873371293
C0072,2020-07-23,P002,Electronics,3,28.356087265468453,85.06826179640535
C0035,2020-09-23,P005,Books,1,65.53121073654421,65.53121073654421
C0092,2021-01-02,P009,Clothing,2,42.40103548830397,84.80207097660794
C0020,2021-04-26,P013,Books,5,17.534190841406705,87.67095420703353
C0030,2021-08-06,P014,Home Decor,2,12.091142528225811,24.182285056451622
C0077,2020-06-22,P006,Clothing,4,82.7645152920549,331.0580611682196
C0089,2021-12-15,P002,Books,4,65.24783281324449,260.99133125297794
C0081,2021-11-19,P006,Electronics,5,87.90024334572246,439.5012167286123
C0045,2020-07-27,P019,Books,3,62.910594699714274,188.73178409914283
C0052,2020-02-29,P005,Electronics,1,96.25043374403134,96.25043374403134
C0029,2021-11-23,P015,Clothing,3,43.07607094797606,129.2282128439282
C0099,2020-06-11,P010,Electronics,2,51.91766592305426,103.83533184610852
C0009,2020-06-14,P004,Clothing,5,19.916694413248866,99.58347206624433
C0038,2020-12-16,P001,Home Decor,4,50.24376433388251,200.97505733553004
C0042,2021-06-26,P012,Electronics,2,89.02281675828915,178.0456335165783
C0079,2020-09-13,P014,Home Decor,3,98.29044528124903,294.8713358437471
C0070,2020-04-30,P001,Books,3,44.44456364635763,133.33369093907288
C0065,2021-09-03,P008,Clothing,4,77.13807780752468,308.5523112300987
C0024,2021-03-28,P002,Home Decor,1,93.46603110864434,93.46603110864434
C0049,2021-11-12,P005,Home Decor,2,30.54758574197331,61.09517148394662
C0041,2020-06-28,P005,Books,1,63.12081108800618,63.12081108800618
C0001,2020-01-14,P006,Home Decor,3,94.20302084094246,282.60906252282734
C0044,2021-04-27,P012,Electronics,2,13.960861071427663,27.921722142855327
C0029,2021-11-28,P008,Home Decor,3,38.3982558282099,115.1947674846297
C0049,2021-02-23,P014,Home Decor,4,62.57622160554408,250.3048864221763
C0040,2021-08-05,P007,Books,2,53.65359548998511,107.30719097997022
C0083,2021-06-04,P014,Electronics,3,95.96968188415784,287.90904565247354
C0092,2020-11-14,P014,Clothing,3,57.458265670758905,172.3747970122767
C0040,2021-10-26,P020,Clothing,2,49.12293828092029,98.24587656184057
C0092,2020-12-31,P013,Electronics,3,44.69782744068366,134.093482322051
C0090,2021-02-01,P017,Home Decor,1,88.49482873220941,88.49482873220941
C0077,2021-11-04,P016,Home Decor,3,20.49381717355864,61.48145152067592
C0097,2020-09-13,P005,Home Decor,5,64.64395604876611,323.21978024383054
C0073,2020-06-06,P015,Books,5,94.2126244052668,471.063122026334
C0031,2021-07-28,P020,Home Decor,1,22.022167582418025,22.022167582418025
C0055,2021-12-08,P002,Books,2,22.756678534033362,45.513357068066725
C0031,2020-01-13,P003,Books,3,12.800992732506478,38.40297819751943
C0082,2021-04-13,P013,Electronics,1,73.49490298836943,73.49490298836943
C0059,2020-03-21,P002,Electronics,4,32.30921315298332,129.23685261193327
C0078,2020-12-09,P017,Home Decor,1,66.63884874045459,66.63884874045459
C0035,2020-02-16,P017,Home Decor,1,33.77493869205354,33.77493869205354
C0043,2021-07-11,P009,Electronics,2,20.38865775573177,40.77731551146354
C0096,2020-10-14,P014,Electronics,1,36.24666402963304,36.24666402963304
C0032,2020-05-18,P008,Home Decor,1,65.4559318890959,65.4559318890959
C0069,2020-09-02,P015,Home Decor,2,67.34420058920179,134.68840117840358
C0100,2021-05-08,P016,Books,3,77.0549147889361,231.1647443668083
C0024,2020-12-26,P011,Home Decor,1,58.75464304367376,58.75464304367376
C0003,2021-09-16,P018,Electronics,1,15.36450341706768,15.36450341706768
C0034,2020-10-21,P007,Books,3,56.385277507463236,169.15583252238972
C0019,2021-11-20,P011,Books,4,11.255837861657882,45.02335144663153
C0090,2021-01-02,P003,Clothing,2,91.72330077432787,183.44660154865574
C0088,2021-08-27,P006,Electronics,2,83.75517697614279,167.51035395228558
C0078,2021-10-10,P006,Clothing,4,67.344016638903,269.376066555612
C0018,2021-09-27,P009,Clothing,4,33.20721760274688,132.82887041098752
C0061,2020-05-15,P011,Home Decor,2,22.390132851629442,44.780265703258884
C0023,2020-11-13,P002,Clothing,3,99.61926176818966,298.857785304569
C0099,2021-02-01,P012,Clothing,3,18.93904198118311,56.81712594354933
C0001,2021-02-28,P005,Books,2,60.51163001052164,121.02326002104328
C0053,2021-10-28,P008,Home Decor,3,95.97759694724608,287.93279084173827
C0092,2020-03-23,P012,Books,4,78.20505020089315,312.8202008035726
C0068,2020-01-02,P007,Books,4,32.63709948469236,130.54839793876943
C0068,2021-08-31,P003,Electronics,1,19.37715662168776,19.37715662168776
C0018,2020-07-15,P007,Books,4,16.757389661003156,67.02955864401262
C0040,2021-12-16,P015,Books,3,99.90934843389712,299.7280453016914
C0032,2020-12-08,P006,Clothing,5,21.54354865606514,107.7177432803257
C0054,2020-06-12,P014,Electronics,5,13.11931823805218,65.59659119026091
C0016,2020-09-02,P006,Home Decor,4,85.65729752459197,342.62919009836787
C0016,2020-08-16,P009,Electronics,1,30.10524691089147,30.10524691089147
C0090,2021-10-14,P019,Clothing,5,18.713429273672745,93.56714636836372
C0067,2021-04-03,P017,Books,1,85.27044515062215,85.27044515062215
C0048,2021-01-22,P007,Electronics,4,29.526875239610597,118.10750095844239
C0074,2021-12-28,P002,Home Decor,4,25.947192180391976,103.7887687215679
C0074,2021-11-20,P009,Clothing,2,69.70260379141871,139.40520758283742
C0031,2021-08-04,P007,Electronics,1,30.71384084159835,30.71384084159835
C0040,2021-02-28,P001,Books,5,28.126469513701558,140.63234756850778
C0059,2020-02-02,P003,Home Decor,2,72.85439302829309,145.70878605658618
C0027,2021-02-15,P020,Home Decor,5,49.50858966527458,247.54294832637288
C0077,2021-12-19,P015,Home Decor,5,24.21654279698241,121.08271398491205
C0007,2021-08-04,P017,Books,2,74.86830769147709,149.73661538295417
C0077,2021-03-04,P003,Electronics,1,90.5127064240579,90.5127064240579
C0072,2021-11-09,P004,Clothing,3,97.64558441930443,292.93675325791327
C0030,2021-12-27,P014,Electronics,2,59.254977156999615,118.50995431399923
C0094,2020-02-17,P001,Electronics,2,28.071347172901998,56.142694345803996
C0046,2020-06-18,P019,Home Decor,2,51.91569555207886,103.83139110415772
C0031,2021-04-01,P001,Home Decor,1,38.23616816495688,38.23616816495688
C0093,2020-03-06,P015,Home Decor,2,21.5617922314541,43.1235844629082
C0038,2020-09-22,P003,Electronics,5,60.49881391078901,302.49406955394505
C0007,2021-12-19,P014,Clothing,2,79.85670335041753,159.71340670083507
C0005,2020-06-10,P001,Clothing,1,10.04109082740083,10.04109082740083
C0080,2021-04-02,P015,Clothing,4,69.42583325311438,277.7033330124575
C0010,2021-06-24,P006,Books,5,39.527328817192206,197.63664408596102
C0001,2021-05-13,P019,Clothing,1,88.50049870889157,88.50049870889157
C0031,2021-07-28,P007,Electronics,5,80.3834846281442,401.917423140721
C0001,2021-09-10,P019,Electronics,4,39.094134443698906,156.37653777479562
C0063,2020-01-01,P005,Electronics,2,17.611222453818907,35.222444907637815
C0016,2020-02-09,P015,Books,5,11.270812722417832,56.354063612089156
C0060,2021-05-21,P013,Home Decor,5,82.30137348412939,411.5068674206469
C0017,2020-11-29,P019,Home Decor,1,24.98343224873343,24.98343224873343
C0065,2020-11-15,P007,Electronics,3,34.77749517645083,104.33248552935248
C0059,2021-04-23,P001,Clothing,3,28.12677723276574,84.38033169829723
C0003,2020-02-21,P018,Home Decor,4,59.920538151047964,239.68215260419186
C0075,2021-03-01,P016,Books,1,87.85611056102859,87.85611056102859
C0014,2020-07-11,P019,Clothing,1,18.001762683060832,18.001762683060832
C0011,2021-07-15,P016,Clothing,4,55.24562096499779,220.98248385999116
C0071,2021-10-10,P003,Electronics,1,84.83356205244232,84.83356205244232
C0061,2020-03-26,P014,Clothing,3,21.043734157335166,63.1312024720055
C0067,2020-05-13,P004,Electronics,3,63.421353087935564,190.2640592638067
C0021,2020-01-16,P010,Electronics,2,51.66626967268925,103.3325393453785
C0011,2021-02-15,P017,Electronics,4,39.17175431305252,156.68701725221007
C0049,2021-11-25,P006,Electronics,2,36.69102282593843,73.38204565187687
C0009,2021-03-03,P019,Clothing,5,66.54917522762764,332.7458761381382
C0048,2020-11-19,P019,Clothing,3,70.62681036357554,211.88043109072663
C0086,2020-01-04,P016,Home Decor,2,35.80590779200974,71.61181558401948
C0099,2020-08-06,P015,Books,4,12.061476001104555,48.24590400441822
C0073,2020-01-15,P012,Home Decor,3,10.739883761547528,32.21965128464258
C0017,2020-01-03,P010,Books,3,86.10947738764003,258.3284321629201
C0011,2021-11-22,P006,Electronics,4,16.855636301473147,67.42254520589259
C0086,2021-06-25,P002,Home Decor,4,97.82557315758488,391.30229263033954
C0073,2021-09-18,P019,Electronics,1,38.180221531712895,38.180221531712895
C0043,2020-04-10,P020,Electronics,3,97.99368522544309,293.9810556763293
C0014,2020-07-14,P012,Electronics,5,68.8142628828539,344.07131441426947
C0063,2020-05-01,P016,Electronics,3,35.869095283441,107.607285850323
C0096,2021-09-14,P008,Home Decor,5,80.49501071692691,402.47505358463457
C0074,2021-10-26,P018,Clothing,4,32.39314471518415,129.5725788607366
C0056,2020-07-22,P008,Electronics,1,89.9488392644265,89.9488392644265
C0010,2020-11-05,P008,Home Decor,5,56.494457890105664,282.4722894505283
C0080,2020-10-13,P007,Home Decor,5,33.361466927405175,166.80733463702586
C0038,2021-12-06,P020,Clothing,5,15.047897776484275,75.23948888242137
C0038,2020-07-05,P018,Clothing,3,44.975266886306045,134.92580065891815
C0092,2020-04-12,P001,Clothing,1,35.278844702381974,35.278844702381974
C0057,2021-05-02,P011,Books,4,30.28958836802926,121.15835347211704
C0058,2021-02-10,P007,Home Decor,4,95.5723161857379,382.2892647429516
C0040,2021-10-04,P006,Clothing,1,91.94742704012478,91.94742704012478
C0031,2020-03-24,P013,Books,4,57.95153665583455,231.8061466233382
C0057,2020-01-23,P007,Books,3,90.04459061021399,270.133771830642
C0010,2020-10-08,P020,Books,4,73.74397472336548,294.97589889346193
C0061,2021-04-08,P007,Home Decor,1,48.12889355199322,48.12889355199322
C0085,2020-04-28,P001,Books,1,25.258217058069217,25.258217058069217
C0097,2020-09-19,P009,Books,3,14.61558029645018,43.84674088935054
C0074,2020-05-16,P013,Books,1,73.55866203244179,73.55866203244179
C0095,2021-10-31,P008,Clothing,3,52.95878756443458,158.87636269330375
C0051,2021-06-17,P013,Home Decor,5,12.754656310856948,63.773281554284736
C0003,2021-10-28,P014,Clothing,3,17.299102304479284,51.89730691343785
C0001,2021-10-22,P010,Electronics,2,18.857932122064515,37.71586424412903
C0026,2020-12-21,P009,Home Decor,5,26.43564873466575,132.17824367332875
C0069,2020-04-27,P005,Electronics,5,21.581206518611353,107.90603259305676
C0021,2020-06-07,P020,Books,3,49.39021417027315,148.17064251081945
C0091,2020-10-12,P003,Home Decor,4,90.41647440083676,361.66589760334705
C0019,2020-01-20,P013,Clothing,3,42.595639953714326,127.78691986114298
C0083,2020-02-13,P008,Clothing,2,47.25141608126764,94.50283216253528
C0074,2020-02-11,P016,Books,1,57.460201398939056,57.460201398939056
C0067,2020-07-29,P013,Electronics,5,54.984979818405016,274.9248990920251
C0028,2021-11-28,P012,Books,3,34.16960095151887,102.50880285455662
C0027,2020-09-22,P001,Electronics,2,48.83540021154965,97.6708004230993
C0014,2021-07-25,P001,Books,5,72.7645726823136,363.822863411568
C0005,2020-11-18,P001,Clothing,5,93.4198432807025,467.09921640351246
C0092,2021-01-10,P020,Electronics,3,24.780904679188406,74.34271403756522
C0036,2021-08-04,P005,Electronics,2,89.82256700746377,179.64513401492755
C0075,2020-02-13,P004,Clothing,2,57.18106129882479,114.36212259764957
C0021,2021-12-19,P003,Books,3,28.221686351519434,84.6650590545583
C0064,2021-09-14,P016,Electronics,1,23.603534623367814,23.603534623367814
C0051,2021-11-02,P009,Home Decor,5,81.90361810531859,409.5180905265929
C0050,2021-05-21,P002,Books,1,80.99826517013325,80.99826517013325
C0064,2021-12-30,P003,Electronics,5,26.765224931024147,133.82612465512074
C0033,2021-10-21,P002,Books,2,98.463272769272,196.926545538544
C0064,2021-04-14,P006,Clothing,3,58.97524835506557,176.9257450651967
C0062,2021-10-17,P011,Electronics,3,26.31245911819494,78.93737735458483
C0070,2021-03-21,P016,Home Decor,3,87.7770962853498,263.3312888560494
C0036,2021-01-16,P012,Home Decor,3,74.95931735309452,224.87795205928356
C0040,2021-07-04,P017,Electronics,3,93.27224790691035,279.81674372073104
C0011,2020-07-01,P007,Home Decor,4,73.47070980761504,293.88283923046015
C0028,2020-07-31,P012,Home Decor,4,24.11596798823288,96.46387195293153
C0093,2021-01-19,P006,Clothing,5,78.24328676162303,391.21643380811514
C0039,2021-08-24,P005,Books,4,21.59382089447991,86.37528357791965
C0036,2020-10-25,P015,Home Decor,2,84.99421039467923,169.98842078935846
C0064,2020-01-10,P005,Clothing,1,71.30875963807125,71.30875963807125
C0024,2020-05-21,P011,Clothing,2,77.04883517560208,154.09767035120416
C0004,2020-06-03,P001,Home Decor,5,57.16137095456,285.80685477279997
C0076,2020-10-04,P017,Home Decor,1,79.65546292770517,79.65546292770517
C0054,2020-12-07,P007,Home Decor,4,81.87425232003083,327.49700928012334
C0078,2020-12-11,P011,Clothing,2,86.99438140951924,173.98876281903847
C0016,2021-01-11,P018,Home Decor,3,73.8008480279045,221.40254408371348
C0027,2020-04-05,P015,Clothing,1,11.89313042890133,11.89313042890133
C0075,2020-12-12,P003,Clothing,4,51.479027204948416,205.91610881979366
C0027,2021-09-27,P005,Electronics,3,91.43454176386216,274.30362529158646
C0008,2020-02-06,P017,Clothing,5,27.98065152475967,139.90325762379834
C0034,2020-02-12,P011,Electronics,2,47.08369154559734,94.16738309119468
C0042,2020-10-03,P007,Clothing,1,44.29145988447695,44.29145988447695
C0078,2020-06-16,P016,Clothing,5,44.911310815245336,224.5565540762267
C0027,2020-06-02,P005,Home Decor,4,44.63269992164985,178.5307996865994
C0066,2021-08-20,P010,Electronics,3,57.35185373117335,172.05556119352005
C0098,2020-10-23,P010,Clothing,2,19.27322813428513,38.54645626857026
C0082,2021-01-04,P004,Electronics,5,87.02243348759788,435.1121674379894
C0078,2021-02-08,P006,Books,2,57.95280434972607,115.90560869945215
C0018,2021-07-15,P001,Home Decor,1,90.92103752682546,90.92103752682546
C0037,2020-05-12,P020,Books,2,90.44265968618355,180.8853193723671
C0096,2020-10-27,P006,Books,5,10.949265931106197,54.746329655530985
C0053,2020-04-27,P017,Clothing,1,77.21893197704007,77.21893197704007
C0012,2021-05-04,P007,Electronics,5,31.87269216114789,159.36346080573944
C0050,2020-09-02,P006,Books,5,45.62805354993414,228.14026774967067
C0088,2020-02-19,P008,Electronics,5,70.66890735045791,353.34453675228957
C0062,2020-11-11,P002,Clothing,4,98.62171431720792,394.48685726883167
C0008,2020-07-02,P018,Electronics,4,97.5682900926202,390.2731603704808
C0029,2021-06-19,P014,Electronics,3,69.5653601412964,208.69608042388919
C0070,2020-03-13,P003,Books,3,33.242877836209686,99.72863350862906
C0005,2020-11-05,P020,Home Decor,3,16.89716495817421,50.691494874522625
C0001,2021-02-16,P012,Clothing,1,78.58465927984082,78.58465927984082
C0080,2020-12-02,P018,Clothing,4,62.74283552050852,250.97134208203408
C0016,2020-11-02,P004,Home Decor,3,76.66926904686332,230.00780714058996
C0018,2021-02-28,P001,Home Decor,3,87.22033019424333,261.66099058273
C0041,2020-04-21,P011,Electronics,5,78.5445540165756,392.722770082878
C0059,2020-04-11,P004,Books,5,14.829420268645865,74.14710134322932
C0082,2021-07-28,P012,Electronics,5,82.81969156885988,414.0984578442994
C0092,2021-05-07,P002,Electronics,3,72.3810198170168,217.14305945105042
C0004,2021-04-30,P004,Books,3,32.40892790671416,97.22678372014249
C0055,2020-12-11,P004,Electronics,2,73.91257010412242,147.82514020824485
C0086,2020-12-17,P008,Clothing,4,90.72935408745535,362.9174163498214
C0019,2020-05-07,P008,Clothing,2,69.53527832108742,139.07055664217484
C0088,2021-05-05,P007,Clothing,1,63.98399514271919,63.98399514271919
C0066,2020-04-28,P012,Books,5,89.21221804523294,446.0610902261647
C0060,2021-12-17,P001,Books,2,36.023916387664215,72.04783277532843
C0097,2021-05-24,P012,Electronics,5,63.852909231902835,319.26454615951417
C0097,2021-03-12,P001,Home Decor,4,41.60805404198436,166.43221616793744
C0035,2020-02-08,P016,Books,3,42.21815111512185,126.65445334536554
C0012,2020-11-05,P008,Clothing,4,84.67239586063985,338.6895834425594
C0080,2020-12-09,P002,Electronics,1,36.76180381445238,36.76180381445238
C0042,2021-12-04,P012,Home Decor,5,67.74915748793993,338.7457874396996
C0019,2020-06-08,P014,Clothing,4,32.81573297102442,131.26293188409767
C0087,2020-06-19,P008,Books,5,12.025180780517761,60.1259039025888
C0023,2021-10-03,P009,Clothing,2,82.62220834248461,165.24441668496922
C0069,2021-08-01,P008,Clothing,1,94.17158249775581,94.17158249775581
C0087,2021-01-19,P020,Clothing,3,86.98850496086976,260.9655148826093
C0081,2021-10-16,P006,Books,5,64.77080692143443,323.85403460717214
C0075,2020-03-30,P004,Electronics,2,40.54394582373969,81.08789164747938
C0089,2020-03-08,P017,Home Decor,2,37.12777308846649,74.25554617693298
C0091,2020-03-27,P004,Books,3,22.5389968811702,67.6169906435106
C0039,2020-07-21,P003,Home Decor,4,83.68490261309609,334.73961045238434
C0060,2020-08-14,P017,Clothing,1,94.38065530944516,94.38065530944516
C0067,2020-03-03,P016,Clothing,2,73.08839106691639,146.17678213383277
C0094,2021-01-29,P003,Home Decor,5,39.86898259379018,199.3449129689509
C0062,2020-01-09,P012,Clothing,2,86.7847894684032,173.5695789368064
C0050,2020-04-10,P012,Books,3,64.27819106179126,192.83457318537378
C0076,2021-02-07,P013,Clothing,2,45.62756547397135,91.2551309479427
C0017,2021-07-23,P013,Clothing,4,46.11438917069513,184.4575566827805
C0068,2021-06-15,P008,Books,1,90.57944189858782,90.57944189858782
C0039,2020-10-23,P010,Home Decor,5,36.81138456398536,184.0569228199268
C0045,2021-04-04,P009,Home Decor,4,83.3391668509179,333.3566674036716
C0097,2021-05-15,P008,Home Decor,2,60.82388234061455,121.6477646812291
C0073,2021-08-21,P008,Home Decor,4,31.171683050639107,124.68673220255643
C0075,2021-11-26,P007,Clothing,5,48.819153230448364,244.09576615224182
C0026,2020-08-10,P006,Home Decor,1,33.8641564271854,33.8641564271854
C0071,2021-03-09,P016,Books,2,25.06694671414145,50.1338934282829
C0016,2020-03-26,P007,Home Decor,2,22.623878290469154,45.24775658093831
C0057,2021-01-12,P016,Home Decor,4,63.762775857482126,255.0511034299285
C0031,2020-08-13,P008,Books,1,78.09287273142279,78.09287273142279
C0099,2020-09-24,P008,Home Decor,4,57.855864465119346,231.42345786047738
C0019,2021-08-22,P018,Clothing,4,92.01450083828287,368.0580033531315
C0100,2020-06-19,P008,Clothing,3,85.25754112280421,255.77262336841264
C0026,2021-03-17,P003,Books,3,68.27216463407154,204.81649390221463
C0040,2020-07-15,P020,Books,4,92.53618434633586,370.14473738534343
C0053,2021-01-02,P004,Clothing,3,33.30767846858582,99.92303540575746
C0065,2020-04-27,P012,Clothing,5,37.14860849871278,185.7430424935639
C0033,2020-03-06,P020,Electronics,3,91.57216242363955,274.71648727091866
C0073,2021-12-19,P009,Home Decor,1,57.405236100361776,57.405236100361776
C0050,2020-01-29,P016,Electronics,3,81.0511895690544,243.1535687071632
C0012,2021-06-22,P015,Books,1,27.489178904451048,27.489178904451048
C0061,2021-04-07,P016,Home Decor,4,33.12926732967481,132.51706931869924
C0026,2021-11-24,P008,Books,1,72.22369124136497,72.22369124136497
C0073,2020-07-25,P001,Electronics,3,11.645072013982192,34.935216041946575
C0038,2020-05-01,P009,Books,2,63.747068563768735,127.49413712753747
C0052,2021-05-24,P019,Home Decor,4,87.01140838169924,348.04563352679696
C0050,2021-02-11,P017,Books,4,98.10977273770897,392.43909095083586
C0065,2020-09-19,P002,Books,4,94.89477187465465,379.5790874986186
C0095,2020-07-31,P002,Books,4,84.2914912747006,337.1659650988024
C0021,2021-10-18,P008,Home Decor,1,29.492452402109222,29.492452402109222
C0028,2020-02-13,P013,Books,5,90.63351636119393,453.16758180596963
C0066,2020-08-09,P004,Books,4,65.63381623940751,262.53526495763003
C0041,2021-09-30,P001,Electronics,3,91.64928821413716,274.94786464241145
C0004,2020-05-29,P015,Electronics,5,69.5159102412627,347.5795512063135
C0003,2020-04-17,P005,Clothing,2,64.84580109313032,129.69160218626064
C0056,2020-07-21,P013,Electronics,5,34.090684732876426,170.45342366438211
C0096,2021-04-14,P010,Books,3,70.70496074237855,212.11488222713564
C0028,2021-01-22,P019,Home Decor,3,69.09992152068108,207.29976456204324
C0082,2021-01-05,P012,Books,1,11.858587523410865,11.858587523410865
C0003,2021-07-13,P020,Electronics,4,92.48263846010366,369.93055384041463
C0068,2020-06-03,P019,Books,4,25.073028838734896,100.29211535493958
C0040,2020-04-17,P002,Home Decor,5,88.31354042840175,441.5677021420088
C0054,2021-09-02,P004,Books,2,96.60811188807514,193.2162237761503
C0055,2021-05-14,P018,Clothing,1,31.25233788322126,31.25233788322126
C0053,2020-05-31,P007,Clothing,1,84.08885281520021,84.08885281520021
C0056,2021-07-31,P011,Books,5,76.4505055002497,382.25252750124855
C0074,2021-02-19,P009,Home Decor,3,87.24161037746538,261.72483113239616
C0090,2021-10-15,P012,Electronics,3,17.903035375377314,53.70910612613194
C0058,2021-11-27,P008,Electronics,1,48.874262276188425,48.874262276188425
C0081,2021-03-09,P015,Home Decor,1,20.38069116290064,20.38069116290064
C0076,2021-06-17,P006,Electronics,2,12.226042890004933,24.452085780009867
C0061,2021-05-22,P020,Clothing,1,25.497156614695438,25.497156614695438
C0022,2021-11-26,P010,Electronics,5,63.448727412912284,317.2436370645614
C0044,2020-11-26,P016,Electronics,4,34.52885599248837,138.11542396995347
C0022,2021-05-25,P010,Home Decor,1,76.45318827610711,76.45318827610711
C0017,2021-05-25,P007,Home Decor,3,88.35441904423135,265.06325713269405
C0061,2021-10-12,P016,Electronics,1,44.55568006420675,44.55568006420675
C0063,2021-11-17,P007,Books,3,38.73414990754982,116.20244972264946
C0099,2020-07-25,P017,Clothing,4,81.60621804068437,326.4248721627375
C0050,2021-07-09,P010,Electronics,2,54.66759293696687,109.33518587393374
C0085,2021-09-16,P003,Clothing,3,23.60317949247802,70.80953847743406
C0087,2020-08-12,P005,Home Decor,4,63.22705019643166,252.90820078572665
C0099,2020-01-10,P001,Home Decor,2,46.691935083360654,93.38387016672131
C0049,2020-12-14,P006,Books,5,66.4724100727727,332.36205036386355
C0096,2021-12-23,P009,Home Decor,2,91.94936966530165,183.8987393306033
C0026,2020-11-21,P015,Home Decor,4,30.40226572404881,121.60906289619524
C0035,2020-11-25,P019,Clothing,3,10.247394255356522,30.742182766069565
C0053,2020-02-06,P005,Clothing,5,49.252091055863715,246.2604552793186
C0081,2021-06-21,P016,Electronics,1,64.40325821058123,64.40325821058123
C0023,2020-05-31,P008,Books,2,68.17437274968523,136.34874549937047
C0005,2020-09-20,P018,Home Decor,2,68.3424368036903,136.6848736073806
C0093,2021-09-09,P015,Books,2,22.199289092583264,44.39857818516653
C0027,2020-06-08,P013,Electronics,4,17.669633461079442,70.67853384431777
C0082,2021-01-23,P017,Electronics,1,37.92785182488609,37.92785182488609
C0066,2021-08-19,P004,Electronics,5,66.9644968394274,334.822484197137
C0060,2020-10-28,P003,Clothing,1,66.36456514401164,66.36456514401164
C0031,2021-12-24,P020,Clothing,5,84.37134314865838,421.85671574329194
C0013,2021-04-26,P012,Clothing,4,27.015831204493402,108.06332481797361
C0014,2020-03-08,P014,Electronics,2,15.531632531593987,31.063265063187973
C0007,2020-03-27,P020,Books,3,97.43657873895562,292.30973621686684
C0034,2021-06-12,P015,Books,5,38.451043949351366,192.25521974675684
C0005,2020-02-10,P008,Books,1,98.20427826890341,98.20427826890341
C0049,2020-03-08,P018,Home Decor,1,77.23219904821275,77.23219904821275
C0008,2020-08-18,P014,Clothing,5,53.744184359442585,268.7209217972129
C0053,2020-05-13,P013,Clothing,2,53.3124188691921,106.6248377383842
C0014,2020-02-11,P016,Electronics,3,92.15024195427192,276.4507258628158
C0047,2020-11-03,P001,Home Decor,2,34.26171772646285,68.5234354529257
C0014,2020-01-16,P012,Home Decor,3,68.13659680642961,204.4097904192888
C0026,2021-04-04,P014,Books,3,51.279246228738344,153.83773868621503
C0031,2020-12-04,P009,Books,3,77.91822086544417,233.7546625963325
C0092,2020-06-13,P007,Books,3,90.82380361624583,272.4714108487375
C0089,2020-06-01,P003,Clothing,5,56.11870663840298,280.5935331920149
C0092,2021-11-02,P020,Clothing,4,60.30335802088901,241.21343208355603
C0005,2021-04-16,P006,Clothing,2,46.41041312158664,92.82082624317329
C0011,2021-01-15,P015,Electronics,4,50.301231428347926,201.2049257133917
C0011,2021-06-01,P012,Electronics,5,70.38480098779615,351.9240049389808
C0068,2021-01-26,P016,Home Decor,2,64.67296967757991,129.34593935515983
C0031,2021-06-26,P010,Electronics,1,47.72418535475183,47.72418535475183
C0031,2021-05-29,P019,Clothing,5,21.37631037655469,106.88155188277346
C0059,2020-02-04,P005,Books,2,69.1192057964341,138.2384115928682
C0019,2021-08-10,P004,Books,5,94.43791575492972,472.18957877464857
C0001,2020-04-02,P016,Books,1,80.8801815667618,80.8801815667618
C0076,2021-11-25,P010,Home Decor,3,62.607340064658814,187.82202019397644
C0041,2021-06-14,P015,Books,1,20.0293607673443,20.0293607673443
C0064,2021-09-06,P017,Books,2,26.742284128129683,53.484568256259365
C0010,2020-03-19,P009,Home Decor,4,96.72782468352433,386.91129873409733
C0086,2021-03-12,P011,Books,5,36.47858948841771,182.39294744208854
C0095,2020-07-30,P014,Books,2,75.60693248361859,151.21386496723719
C0044,2020-10-23,P009,Home Decor,4,71.6118342339328,286.4473369357312
C0050,2021-07-02,P007,Books,5,48.31920022964849,241.59600114824244
C0038,2021-09-04,P004,Books,2,34.85119343296718,69.70238686593436
C0043,2021-03-03,P016,Electronics,3,19.95750291031277,59.87250873093831
C0021,2021-05-08,P007,Electronics,2,42.01268125934198,84.02536251868396
C0043,2021-02-01,P004,Home Decor,4,84.26932259083944,337.07729036335775
C0078,2021-09-14,P005,Electronics,5,82.16343817655572,410.81719088277856
C0027,2021-08-23,P012,Books,1,10.726926950222339,10.726926950222339
C0081,2020-08-27,P016,Books,5,64.70451050500745,323.5225525250372
C0047,2020-01-21,P002,Books,1,97.63401254861668,97.63401254861668
C0037,2021-11-03,P003,Electronics,5,95.80372432220413,479.01862161102065
C0080,2020-01-01,P019,Electronics,3,89.95194219841053,269.85582659523163
C0045,2020-07-05,P012,Home Decor,1,46.7291747380469,46.7291747380469
C0025,2020-11-05,P006,Clothing,1,80.54380430276146,80.54380430276146
C0047,2021-06-03,P002,Clothing,1,53.319953380027314,53.319953380027314
C0013,2021-08-06,P012,Electronics,4,12.434302033454266,49.73720813381706
C0034,2020-09-17,P017,Clothing,5,66.87263379828528,334.3631689914264
C0022,2020-12-06,P003,Books,3,22.63962907833605,67.91888723500816
C0016,2020-03-08,P006,Home Decor,5,73.26128255787216,366.3064127893608
C0054,2021-05-20,P015,Books,4,67.95124107695014,271.80496430780056
C0061,2020-09-25,P012,Clothing,3,77.45542502971159,232.36627508913477
C0073,2020-11-06,P013,Books,4,30.260291132208895,121.04116452883558
C0018,2021-02-21,P018,Home Decor,5,28.831440412386435,144.15720206193217
C0067,2021-01-28,P020,Clothing,3,92.34576935145958,277.03730805437874
C0017,2021-01-27,P019,Home Decor,1,91.22487897042156,91.22487897042156
C0094,2020-03-04,P017,Books,2,14.245120539645946,28.49024107929189
C0067,2020-06-16,P001,Clothing,3,80.38145315606472,241.14435946819418
C0100,2021-10-18,P015,Clothing,1,21.9237813385141,21.9237813385141
C0012,2020-05-10,P013,Electronics,2,75.80285015181785,151.6057003036357
C0033,2020-09-01,P016,Clothing,2,36.74802524300357,73.49605048600714
C0033,2020-10-20,P018,Electronics,1,46.424897240733365,46.424897240733365
C0034,2020-12-08,P012,Clothing,3,97.9994864464872,293.9984593394616
C0077,2020-02-26,P005,Home Decor,5,85.00116093944997,425.00580469724986
C0001,2020-02-06,P009,Clothing,2,59.171089864746214,118.34217972949243
C0066,2021-05-07,P019,Books,1,76.84273261811325,76.84273261811325
C0031,2021-03-03,P002,Clothing,4,50.11191136429851,200.44764545719403
C0019,2020-05-24,P020,Books,1,58.815981545198504,58.815981545198504
C0085,2021-05-18,P006,Electronics,3,60.45107278770695,181.35321836312085
C0016,2021-09-08,P016,Electronics,4,91.17341079890912,364.69364319563647
C0096,2020-03-24,P007,Electronics,1,67.98172748579285,67.98172748579285
C0008,2021-11-20,P015,Books,5,62.969748869532374,314.84874434766186
C0053,2021-12-16,P020,Books,2,25.15191461719933,50.30382923439866
C0026,2020-06-04,P001,Clothing,3,18.035420491468955,54.106261474406864
C0071,2020-12-27,P003,Electronics,1,52.26425965057872,52.26425965057872
C0006,2021-02-25,P017,Books,4,34.10844849604661,136.43379398418645
C0075,2020-02-06,P017,Home Decor,1,29.04705983610799,29.04705983610799
C0040,2021-09-18,P008,Clothing,4,71.61808126277785,286.4723250511114
C0049,2021-04-22,P007,Electronics,3,87.84219337457661,263.52658012372984
C0015,2021-01-30,P012,Electronics,5,87.60308947145573,438.0154473572787
C0015,2021-04-14,P019,Clothing,5,57.11223810647943,285.5611905323972
C0093,2020-02-18,P017,Books,3,80.03523674841767,240.10571024525302
C0016,2020-04-13,P012,Books,3,88.85834046395789,266.57502139187363
C0012,2021-04-27,P011,Books,5,67.55310919597096,337.7655459798548
C0041,2020-06-04,P019,Books,4,23.90554234044465,95.6221693617786
C0090,2020-01-21,P003,Electronics,4,22.67645697994032,90.70582791976128
C0029,2020-02-03,P013,Books,2,78.5535955105517,157.1071910211034
C0058,2021-09-04,P004,Books,1,22.112431410303383,22.112431410303383
C0010,2021-09-24,P007,Clothing,4,99.56136435498694,398.24545741994774
C0086,2020-05-15,P012,Clothing,3,95.79435482546498,287.3830644763949
C0090,2021-10-07,P003,Clothing,2,10.578235809736517,21.156471619473034
C0085,2020-11-27,P018,Clothing,4,83.84826860650475,335.393074426019
C0041,2020-04-17,P002,Books,1,85.38031878383805,85.38031878383805
C0018,2021-12-17,P001,Books,3,39.72384774723997,119.17154324171992
C0046,2021-07-16,P008,Home Decor,1,77.59548735344156,77.59548735344156
C0027,2021-10-26,P018,Books,1,17.752289724137736,17.752289724137736
C0034,2020-12-20,P012,Home Decor,1,28.63952020442624,28.63952020442624
C0018,2020-07-18,P013,Home Decor,3,50.59572048383289,151.78716145149866
C0081,2021-01-27,P009,Books,1,71.40660214175581,71.40660214175581
C0027,2021-05-17,P007,Clothing,2,52.346922145882395,104.69384429176479
C0090,2020-04-23,P003,Home Decor,4,57.380149421037515,229.52059768415006
C0092,2020-03-02,P015,Books,5,17.278369504194927,86.39184752097464
C0083,2021-09-16,P016,Electronics,1,49.48810163537194,49.48810163537194
C0009,2021-12-18,P006,Clothing,3,79.88910486025658,239.66731458076976
C0064,2021-04-23,P019,Home Decor,4,58.798822337412695,235.19528934965078
C0082,2021-09-21,P015,Clothing,5,59.615437599483734,298.07718799741866
C0077,2021-10-09,P004,Clothing,4,56.67859149472774,226.71436597891096
C0068,2020-12-11,P019,Clothing,4,91.58054604932079,366.32218419728315
C0046,2021-10-28,P008,Clothing,1,22.93508885790215,22.93508885790215
C0091,2020-05-07,P004,Home Decor,1,45.96500966391534,45.96500966391534
C0084,2021-11-29,P005,Books,5,88.70374900124709,443.51874500623546
C0034,2021-12-31,P020,Home Decor,4,38.205196807809756,152.82078723123902
C0043,2021-09-28,P006,Clothing,3,89.1373847897502,267.41215436925063
C0079,2020-10-30,P015,Clothing,1,22.88561049126444,22.88561049126444
C0031,2020-05-10,P005,Home Decor,5,13.100196008117813,65.50098004058907
C0081,2021-01-31,P011,Electronics,1,68.00827153674197,68.00827153674197
C0015,2020-10-27,P017,Clothing,1,20.429131163531174,20.429131163531174
C0018,2021-11-28,P013,Books,3,16.130263486447472,48.39079045934241
C0023,2020-05-04,P018,Books,3,34.08507258352756,102.25521775058269
C0024,2021-06-15,P013,Clothing,1,37.24371352569018,37.24371352569018
C0013,2020-07-12,P007,Clothing,4,94.44821670579702,377.7928668231881
C0077,2020-02-09,P006,Electronics,1,88.24215170307026,88.24215170307026
C0044,2021-02-05,P005,Electronics,2,52.92653535448972,105.85307070897944
C0037,2021-03-31,P012,Electronics,5,63.23274003969224,316.1637001984612
C0023,2021-01-15,P012,Clothing,3,38.726047999813275,116.17814399943983
C0033,2020-07-14,P012,Electronics,1,70.27070635130227,70.27070635130227
C0020,2021-04-11,P014,Electronics,1,66.01045490806808,66.01045490806808
C0062,2020-12-31,P006,Books,4,56.116992094144024,224.4679683765761
C0032,2021-10-09,P013,Books,3,30.906608774873092,92.71982632461928
C0050,2020-03-18,P016,Electronics,2,55.19588778453625,110.3917755690725
C0035,2020-02-15,P002,Electronics,5,75.26830445638943,376.34152228194716
C0098,2020-02-10,P007,Clothing,2,80.34868164321324,160.69736328642648
C0086,2021-05-12,P013,Books,2,42.93872185650281,85.87744371300562
C0091,2020-09-18,P020,Electronics,2,81.32490751228492,162.64981502456985
C0099,2020-01-28,P002,Clothing,2,10.620553362960049,21.241106725920098
C0088,2021-06-16,P018,Electronics,2,61.692761979440064,123.38552395888013
C0078,2021-11-13,P007,Home Decor,5,52.77642868448538,263.8821434224269
C0002,2021-08-05,P012,Books,3,43.11913467324455,129.35740401973365
C0069,2021-08-08,P002,Electronics,1,78.99265911959267,78.99265911959267
C0092,2020-08-09,P010,Clothing,4,31.950504922251074,127.8020196890043
C0028,2020-08-23,P019,Electronics,4,12.18607847900241,48.74431391600964
C0051,2020-04-05,P005,Electronics,1,55.70275895333725,55.70275895333725
C0071,2021-10-04,P005,Electronics,2,97.70873571651678,195.41747143303357
C0012,2021-05-29,P001,Home Decor,2,61.291449385007155,122.58289877001431
C0044,2021-12-16,P012,Home Decor,3,13.57737343626946,40.732120308808376
C0011,2021-06-20,P010,Electronics,3,42.91810763019009,128.75432289057028
C0046,2021-03-06,P011,Electronics,2,40.68197819764558,81.36395639529115
C0099,2021-06-03,P005,Home Decor,2,53.744064669927106,107.48812933985421
C0057,2020-11-08,P018,Electronics,3,78.03756492047494,234.1126947614248
C0057,2020-04-26,P005,Home Decor,2,89.4023017974771,178.8046035949542
C0074,2020-05-29,P017,Books,2,47.718007043878146,95.43601408775629
C0038,2021-03-12,P007,Home Decor,4,83.00486697487982,332.01946789951927
C0042,2021-08-02,P015,Electronics,4,79.26384360532634,317.0553744213054
C0061,2021-03-08,P003,Home Decor,3,68.89156929331536,206.67470787994608
C0034,2020-03-27,P010,Clothing,5,52.967368862451586,264.83684431225794
C0100,2020-04-17,P019,Books,2,75.27415603281963,150.54831206563927
C0100,2021-03-01,P010,Books,4,40.98341518273631,163.93366073094523
C0015,2020-03-05,P016,Clothing,5,82.25186777300286,411.2593388650143
C0073,2020-04-11,P004,Home Decor,1,84.33455341013664,84.33455341013664
C0085,2021-03-01,P010,Home Decor,2,75.30775289583543,150.61550579167087
C0098,2020-06-08,P004,Books,5,92.98159043440482,464.9079521720241
C0049,2020-02-01,P005,Electronics,1,78.5084748751676,78.5084748751676
C0014,2021-04-02,P012,Home Decor,4,53.22132764259502,212.88531057038008
C0009,2021-03-17,P008,Books,2,69.26495246446055,138.5299049289211
C0085,2021-12-03,P006,Electronics,2,93.54045826822629,187.08091653645258
C0086,2021-03-03,P004,Books,1,84.97876140977661,84.97876140977661
C0077,2020-01-31,P015,Home Decor,1,72.58089993819982,72.58089993819982
C0011,2021-05-23,P011,Clothing,3,71.64550810368924,214.93652431106773
C0033,2020-11-28,P003,Electronics,5,62.22395497212275,311.11977486061375
C0032,2020-09-15,P005,Electronics,1,29.17259091309057,29.17259091309057
C0020,2020-03-21,P019,Home Decor,1,12.456559938543284,12.456559938543284
C0007,2020-12-26,P014,Clothing,1,50.88145531633909,50.88145531633909
C0005,2020-03-13,P012,Home Decor,1,66.07694762930356,66.07694762930356
C0023,2020-05-04,P001,Clothing,5,84.33006553243341,421.65032766216706
C0018,2021-01-02,P009,Electronics,5,70.3791281253589,351.8956406267945
C0079,2021-12-09,P020,Home Decor,2,65.04137545638685,130.0827509127737
C0096,2020-01-31,P018,Clothing,2,38.37232084613448,76.74464169226896
C0099,2020-12-19,P008,Books,4,39.49850893055373,157.99403572221493
C0096,2020-12-22,P006,Electronics,1,48.694524624267096,48.694524624267096
C0062,2020-07-01,P007,Clothing,4,79.25041957105583,317.0016782842233
C0099,2020-01-11,P008,Clothing,4,87.85618444208428,351.42473776833714
C0090,2020-08-24,P001,Clothing,5,22.96782177773186,114.8391088886593
C0021,2021-01-09,P019,Clothing,3,48.65798477254602,145.97395431763806
C0072,2020-03-13,P016,Books,2,31.350537562199413,62.70107512439883
C0060,2021-09-02,P012,Books,2,44.2884087306978,88.5768174613956
C0023,2020-05-26,P013,Clothing,3,31.655630685562613,94.96689205668784
C0001,2020-07-31,P016,Clothing,5,32.942571167885745,164.71285583942873
C0045,2020-01-04,P015,Home Decor,2,31.76179675967625,63.5235935193525
C0002,2020-07-28,P002,Books,5,62.843883469166286,314.2194173458314
C0016,2021-11-05,P020,Home Decor,4,93.49934853350176,373.99739413400704
C0021,2021-11-20,P007,Books,1,43.485841265372834,43.485841265372834
C0058,2020-05-06,P007,Clothing,2,50.99815436776736,101.99630873553473
C0013,2020-01-08,P001,Electronics,4,63.93929995891154,255.75719983564616
C0092,2020-10-27,P012,Home Decor,5,66.15839494006775,330.79197470033876
C0079,2021-01-12,P003,Books,3,23.181727148479702,69.54518144543911
C0076,2021-12-07,P006,Clothing,1,31.921745337199624,31.921745337199624
C0089,2020-01-26,P015,Electronics,4,85.96703028967477,343.86812115869907
C0078,2021-09-11,P017,Electronics,4,33.10306958507948,132.41227834031793
C0046,2020-08-26,P001,Home Decor,2,25.567796292059654,51.13559258411931
C0053,2020-05-25,P007,Home Decor,4,73.41881360070701,293.67525440282805
C0050,2020-07-10,P017,Home Decor,4,63.680168914248206,254.72067565699282
C0081,2021-04-09,P016,Books,2,90.43096313604572,180.86192627209144
C0052,2020-04-25,P003,Home Decor,4,50.220282399535755,200.88112959814302
C0031,2021-05-03,P014,Home Decor,2,28.433310927931966,56.86662185586393
C0080,2020-12-18,P018,Clothing,4,26.336947933056827,105.34779173222731
C0034,2021-12-25,P018,Electronics,4,42.2143908178133,168.8575632712532
C0068,2020-09-21,P011,Home Decor,5,32.41663138487973,162.08315692439865
C0093,2020-05-13,P002,Electronics,1,82.19355872267192,82.19355872267192
C0100,2020-01-29,P012,Electronics,3,58.67363225449613,176.0208967634884
C0076,2020-08-01,P011,Books,3,91.42669386361575,274.28008159084726
C0093,2021-01-05,P005,Electronics,5,36.43686350488324,182.1843175244162
C0002,2020-12-09,P012,Electronics,3,34.60887846393228,103.82663539179683
C0085,2021-04-29,P017,Clothing,5,28.18310150396359,140.91550751981796
C0072,2020-10-26,P003,Books,1,85.96448865983011,85.96448865983011
C0076,2020-10-30,P004,Books,5,38.379221601622426,191.89610800811212
C0041,2021-07-20,P018,Clothing,5,11.866331353034475,59.331656765172376
C0074,2021-10-13,P012,Electronics,4,27.288125873308054,109.15250349323222
C0083,2020-11-30,P005,Electronics,2,27.730080592278956,55.46016118455791
C0093,2020-07-07,P019,Clothing,3,84.81425870001253,254.44277610003758
C0069,2021-08-30,P019,Electronics,1,86.22115738801426,86.22115738801426
C0092,2020-03-23,P009,Home Decor,5,51.25004587534219,256.25022937671093
C0018,2020-04-15,P002,Electronics,3,32.57690396258707,97.7307118877612
C0020,2021-06-30,P011,Books,4,35.89892590028664,143.59570360114657
C0100,2021-08-17,P018,Electronics,1,53.77968972757469,53.77968972757469
C0063,2020-11-11,P018,Electronics,5,83.25295566228269,416.26477831141347
C0093,2020-06-09,P003,Clothing,1,86.36476092513107,86.36476092513107
C0008,2021-01-20,P014,Books,2,76.84595535826435,153.6919107165287
C0094,2020-05-30,P014,Electronics,4,73.00236320962924,292.00945283851695
C0051,2020-05-08,P002,Clothing,1,72.73635882648185,72.73635882648185
C0051,2020-08-16,P005,Home Decor,4,14.900727701978393,59.602910807913574
C0059,2020-11-19,P016,Home Decor,4,92.32137345040644,369.28549380162576
C0019,2021-06-04,P003,Home Decor,4,90.32961193684379,361.31844774737516
C0049,2020-09-05,P009,Electronics,1,40.11800399785359,40.11800399785359
C0049,2020-08-30,P014,Electronics,4,24.374162470264615,97.49664988105846
C0025,2020-07-07,P009,Electronics,5,33.95143021158097,169.75715105790485
C0097,2020-10-25,P013,Home Decor,4,74.81821380771896,299.27285523087585
C0012,2021-01-16,P004,Electronics,2,49.43110464363623,98.86220928727246
C0094,2021-03-05,P001,Clothing,2,59.31609668521131,118.63219337042263
C0052,2021-11-10,P020,Electronics,3,47.338064661231186,142.01419398369356
C0071,2020-02-17,P014,Electronics,4,92.45153794701658,369.8061517880663
C0100,2020-05-15,P004,Electronics,4,43.74783292289415,174.9913316915766
C0079,2021-09-07,P010,Home Decor,2,95.14438674506222,190.28877349012444
C0073,2020-01-22,P012,Home Decor,5,18.07019476113492,90.35097380567461
C0089,2021-02-07,P003,Clothing,3,17.215962332454048,51.64788699736214
C0060,2020-03-20,P018,Electronics,5,97.6299523646685,488.1497618233425
C0015,2021-12-20,P008,Electronics,1,66.53338751354975,66.53338751354975
C0021,2020-03-15,P010,Electronics,3,55.551784031798505,166.65535209539553
C0036,2020-05-15,P010,Books,3,11.577683291630096,34.73304987489029
C0010,2021-03-06,P015,Electronics,2,69.40986791571345,138.8197358314269
C0038,2020-11-02,P009,Electronics,3,56.17616899150463,168.5285069745139
C0013,2021-07-17,P016,Electronics,4,96.01297591599445,384.0519036639778
C0058,2021-03-02,P018,Home Decor,5,83.50165764760908,417.5082882380454
C0053,2020-05-25,P005,Books,1,99.51608597203271,99.51608597203271
C0061,2021-08-28,P002,Electronics,2,91.1016117089699,182.2032234179398
C0077,2021-03-08,P018,Clothing,3,31.1433420465717,93.4300261397151
C0058,2020-11-01,P011,Books,2,13.712456755211191,27.424913510422382
C0061,2021-10-14,P007,Electronics,5,18.592774302681665,92.96387151340832
C0010,2020-12-29,P017,Books,3,93.9800056495547,281.9400169486641
C0042,2020-03-27,P015,Books,3,38.08802916283203,114.26408748849609
C0100,2020-09-11,P005,Electronics,4,83.41939831471767,333.6775932588707
C0075,2021-03-31,P011,Books,1,88.3279506506443,88.3279506506443
C0019,2021-10-09,P006,Electronics,3,73.88056555059086,221.64169665177258
C0072,2021-01-13,P016,Clothing,5,79.49508130765065,397.47540653825325
C0018,2021-10-14,P007,Clothing,4,61.81912276749663,247.27649106998652
C0069,2021-06-25,P007,Books,1,93.43289146576473,93.43289146576473
C0028,2020-02-29,P017,Electronics,4,65.00048725165131,260.00194900660523
C0068,2021-01-20,P005,Books,3,96.2562255397332,288.7686766191996
C0017,2021-02-22,P002,Electronics,4,89.30751471076353,357.2300588430541
C0099,2020-01-09,P006,Clothing,2,34.99510434712137,69.99020869424274
C0034,2021-03-03,P003,Books,3,24.28713829654464,72.86141488963392
C0011,2020-11-24,P009,Home Decor,2,26.533335247141544,53.06667049428309
C0010,2021-03-27,P011,Home Decor,2,95.6060978795694,191.2121957591388
C0002,2020-07-27,P007,Home Decor,1,22.321417195415265,22.321417195415265
C0019,2021-01-15,P009,Home Decor,5,88.83344568720514,444.1672284360257
C0044,2020-10-27,P010,Books,3,33.209130798582876,99.62739239574863
C0025,2021-04-27,P017,Clothing,2,80.96324166144444,161.92648332288888
C0034,2020-04-03,P006,Books,1,23.074179560675887,23.074179560675887
C0043,2020-07-08,P019,Electronics,4,65.45894767655425,261.835790706217
C0013,2020-04-21,P008,Home Decor,5,28.399277307535588,141.99638653767795
C0007,2020-10-10,P002,Electronics,4,22.271633899503485,89.08653559801394
C0061,2020-04-24,P020,Home Decor,4,85.90732291151238,343.6292916460495
C0030,2021-07-25,P009,Home Decor,1,46.62601536263365,46.62601536263365
C0039,2021-09-12,P002,Home Decor,1,95.70327964708012,95.70327964708012
C0072,2021-12-05,P004,Books,4,27.898742767683267,111.59497107073307
C0035,2020-06-06,P003,Home Decor,5,62.990949761477104,314.9547488073855
C0017,2021-12-20,P011,Home Decor,5,41.63038133385771,208.15190666928856
C0009,2021-04-01,P006,Home Decor,2,69.26414946598425,138.5282989319685
C0028,2021-02-12,P001,Home Decor,2,71.02927812455351,142.05855624910703
C0046,2020-07-08,P008,Home Decor,2,77.9824105900577,155.9648211801154
C0080,2021-03-07,P001,Clothing,2,76.71673882288242,153.43347764576484
C0063,2021-03-18,P004,Books,2,17.34069035097266,34.68138070194532
C0016,2020-06-27,P002,Electronics,2,74.82100876381404,149.64201752762807
C0015,2020-09-10,P009,Electronics,1,65.61537851924038,65.61537851924038
C0056,2021-04-09,P018,Electronics,5,72.21306352304882,361.0653176152441
C0057,2020-12-14,P017,Books,2,35.1341872756218,70.2683745512436
C0069,2021-06-19,P008,Clothing,4,63.92139648112618,255.68558592450472
C0046,2020-05-25,P006,Books,3,29.851650523888658,89.55495157166598
C0087,2020-12-29,P010,Home Decor,5,90.4820928939335,452.4104644696675
C0007,2021-04-18,P020,Electronics,3,84.15210044862242,252.45630134586725
C0039,2021-10-08,P012,Books,3,76.63012245277625,229.89036735832875
C0098,2021-10-14,P019,Clothing,1,70.79038776683595,70.79038776683595
C0047,2020-03-29,P001,Electronics,4,47.63777085724538,190.5510834289815
C0003,2021-05-09,P020,Books,3,23.092665848486146,69.27799754545843
C0086,2020-07-27,P020,Home Decor,2,58.46958826255637,116.93917652511274
C0081,2020-10-28,P005,Home Decor,3,55.29887474095206,165.8966242228562
C0046,2020-01-02,P018,Home Decor,5,95.46206191032343,477.31030955161714
C0012,2021-12-16,P015,Electronics,3,70.2828669972467,210.8486009917401
C0081,2021-04-04,P009,Electronics,5,51.09631522368273,255.48157611841364
C0031,2021-09-25,P011,Clothing,2,69.77469816289477,139.54939632578953
C0030,2021-04-18,P019,Books,4,49.83302288375674,199.33209153502696
C0016,2020-01-08,P019,Home Decor,5,94.65591824370841,473.27959121854207
C0081,2020-08-11,P005,Home Decor,3,67.36045245870827,202.0813573761248
C0001,2020-11-01,P002,Home Decor,2,34.7807518450562,69.5615036901124
C0033,2020-04-27,P003,Home Decor,4,73.67432450493493,294.6972980197397
C0016,2021-10-06,P004,Books,3,19.03448217721332,57.10344653163996
C0081,2020-11-04,P003,Home Decor,4,54.112917888865866,216.45167155546346
C0030,2021-07-12,P018,Books,4,41.73627829907961,166.94511319631843
C0018,2021-09-15,P001,Clothing,5,62.97692311713966,314.8846155856983
C0058,2020-06-08,P006,Books,3,35.44513940519491,106.33541821558472
C0082,2021-03-10,P015,Home Decor,4,35.71647323454441,142.86589293817764
C0008,2021-12-24,P001,Clothing,4,45.32192204812837,181.28768819251349
C0087,2021-04-27,P010,Books,1,25.768068684645336,25.768068684645336
C0052,2020-04-04,P013,Books,2,20.241567163732384,40.48313432746477
C0046,2021-11-25,P016,Books,2,63.099707229159456,126.19941445831891
C0082,2021-05-24,P004,Clothing,1,68.65314735895805,68.65314735895805
C0054,2020-08-25,P004,Home Decor,5,56.52171765809751,282.60858829048755
C0078,2021-07-10,P018,Clothing,5,22.463143500786828,112.31571750393414
C0091,2021-02-19,P011,Books,5,88.32206556657783,441.6103278328892
C0083,2020-10-13,P008,Electronics,1,92.37448410297476,92.37448410297476
C0034,2021-10-09,P020,Clothing,2,22.976243183239923,45.952486366479846
C0070,2020-01-23,P007,Clothing,5,33.54379363845115,167.71896819225574
C0057,2020-05-03,P020,Clothing,5,76.02023033987103,380.10115169935517
C0099,2020-10-03,P018,Clothing,5,27.557361189447892,137.78680594723946
C0017,2021-11-15,P015,Home Decor,1,81.21673715105496,81.21673715105496
C0009,2020-02-11,P005,Clothing,3,76.51583519696445,229.54750559089334
C0025,2020-01-01,P020,Home Decor,5,33.85544992718431,169.27724963592155
C0021,2020-09-19,P002,Books,2,97.6809522467452,195.3619044934904
C0099,2021-02-11,P018,Electronics,4,43.855077222500825,175.4203088900033
C0072,2021-06-22,P020,Clothing,1,14.613660581328713,14.613660581328713
C0085,2021-08-18,P004,Books,1,84.98081294918747,84.98081294918747
C0095,2021-12-28,P005,Electronics,1,45.101766781542025,45.101766781542025
C0003,2021-02-09,P003,Clothing,1,74.97391257104364,74.97391257104364
C0086,2021-03-31,P011,Home Decor,3,59.46199425554261,178.38598276662785
C0033,2020-04-14,P002,Electronics,4,79.50047644887873,318.0019057955149
C0036,2020-09-15,P005,Electronics,3,74.12028758747651,222.36086276242952
C0026,2020-12-28,P016,Electronics,1,61.230876249634285,61.230876249634285
C0091,2020-10-17,P017,Clothing,4,69.04569330163767,276.1827732065507
C0075,2021-11-19,P017,Books,3,37.48528484629851,112.45585453889554
C0095,2020-07-19,P019,Home Decor,5,49.930560264455636,249.65280132227818
C0032,2021-09-01,P007,Home Decor,3,78.52685057961176,235.58055173883528
C0045,2020-03-28,P005,Books,4,98.97411836257211,395.89647345028845
C0092,2020-02-06,P012,Clothing,2,28.91211056846429,57.82422113692858
C0023,2020-03-13,P007,Books,2,28.310200685473966,56.62040137094793
C0076,2020-09-25,P014,Books,5,99.08287165980995,495.41435829904975
C0075,2020-11-08,P006,Home Decor,5,18.781275735627563,93.90637867813781
C0002,2021-06-30,P002,Books,1,46.1902919482021,46.1902919482021
C0082,2020-12-14,P015,Electronics,5,55.6046702758519,278.0233513792595
C0073,2020-05-01,P017,Clothing,2,51.99083289092508,103.98166578185015
C0100,2021-06-26,P012,Home Decor,1,68.81024304862032,68.81024304862032
C0081,2020-09-12,P017,Books,2,12.905345470726882,25.810690941453764
C0082,2020-06-16,P003,Home Decor,5,30.970869449257858,154.85434724628928
C0022,2020-03-10,P016,Home Decor,4,18.562359913184572,74.24943965273829
C0098,2021-02-28,P010,Clothing,5,44.018375401082125,220.09187700541062
C0035,2020-10-23,P006,Books,2,16.269646733088244,32.53929346617649
C0081,2020-10-16,P019,Clothing,4,84.57074656573717,338.28298626294867
C0018,2021-06-16,P001,Home Decor,4,29.135763252580645,116.54305301032258
C0072,2020-05-17,P011,Clothing,3,27.884061930063734,83.6521857901912
C0020,2021-08-10,P018,Home Decor,1,54.26076515150929,54.26076515150929
C0098,2021-06-19,P009,Clothing,5,27.231847071825698,136.1592353591285
C0012,2021-10-04,P015,Books,2,87.33503556972376,174.67007113944751
C0074,2020-08-03,P015,Clothing,4,56.18832596928069,224.75330387712276
C0016,2021-06-28,P016,Home Decor,2,64.34151319844835,128.6830263968967
C0082,2020-04-17,P015,Electronics,4,59.5213223391352,238.0852893565408
C0072,2021-02-24,P007,Home Decor,5,56.781522985644706,283.90761492822355
C0063,2021-10-11,P020,Books,1,65.89157468711797,65.89157468711797
C0017,2021-07-10,P012,Electronics,4,64.0681399072765,256.272559629106
C0041,2021-02-17,P002,Home Decor,1,87.82536117503386,87.82536117503386
C0067,2020-10-12,P001,Books,5,92.16576787522807,460.82883937614037
C0091,2020-10-26,P016,Home Decor,4,70.53893590003653,282.15574360014614
C0008,2021-03-28,P014,Clothing,3,52.42046704593655,157.26140113780963
C0019,2021-01-15,P008,Clothing,2,66.72715801192548,133.45431602385096
C0040,2021-08-04,P006,Books,5,80.98115393965612,404.9057696982806
C0008,2021-10-05,P017,Home Decor,4,41.571294151870056,166.28517660748022
C0068,2020-05-21,P015,Electronics,1,98.22549931107,98.22549931107
C0025,2020-06-09,P006,Books,4,80.9564106802023,323.8256427208092
C0007,2020-05-06,P011,Home Decor,5,73.18499265614506,365.92496328072525
C0033,2021-12-14,P020,Electronics,1,13.119824809765626,13.119824809765626
C0046,2020-05-03,P020,Electronics,3,27.783745450143837,83.3512363504315
C0056,2021-01-25,P002,Clothing,5,29.371833850557007,146.85916925278502
C0061,2021-02-14,P009,Home Decor,4,71.38961150559493,285.5584460223797
C0010,2021-08-28,P003,Home Decor,5,84.3106222199761,421.5531110998805
C0017,2021-04-24,P015,Home Decor,4,22.90137455831544,91.60549823326176
C0090,2020-05-22,P020,Electronics,4,50.83671437550781,203.34685750203124
C0077,2021-07-27,P004,Home Decor,3,18.226778018358523,54.68033405507557
C0059,2021-11-15,P009,Books,2,34.84584983612335,69.6916996722467
C0005,2020-11-02,P011,Books,2,68.40609458164644,136.81218916329289
C0096,2020-12-28,P015,Electronics,5,45.29645733247696,226.4822866623848
C0078,2021-10-09,P013,Books,3,76.42127837880237,229.26383513640712
C0022,2021-04-29,P006,Books,2,94.33296017188812,188.66592034377624
C0007,2021-03-01,P018,Clothing,3,90.75452457597125,272.26357372791375
C0008,2020-08-11,P001,Electronics,5,36.77137955245098,183.8568977622549
C0065,2021-05-03,P017,Clothing,2,70.37699638293174,140.75399276586347
C0060,2021-05-15,P019,Books,4,65.28544017079304,261.14176068317215
C0018,2021-12-12,P019,Clothing,1,84.39645189546665,84.39645189546665
C0076,2021-05-28,P009,Home Decor,1,43.35120219837437,43.35120219837437
C0020,2020-11-21,P020,Clothing,4,65.92252551664737,263.6901020665895
C0030,2021-05-19,P003,Books,4,17.952174549615187,71.80869819846075
C0075,2021-10-29,P017,Home Decor,5,87.5091371107745,437.54568555387254
C0057,2020-03-02,P009,Clothing,4,46.842193327316835,187.36877330926734
C0016,2021-03-30,P016,Books,5,89.15734456186277,445.78672280931386
C0085,2020-11-03,P015,Electronics,1,87.11844445470378,87.11844445470378
C0081,2020-05-26,P015,Books,3,53.64282321529186,160.9284696458756
C0001,2021-05-22,P017,Home Decor,4,22.957926441341584,91.83170576536634
C0099,2020-02-23,P003,Electronics,2,86.01265659184651,172.02531318369302
C0034,2021-09-28,P015,Books,1,43.31421596205839,43.31421596205839
C0031,2020-08-08,P009,Home Decor,3,70.94494412171088,212.83483236513263
C0055,2020-01-27,P012,Home Decor,2,20.417966363645004,40.83593272729001
C0023,2020-12-29,P001,Electronics,3,38.932121163736824,116.79636349121047
C0031,2021-04-27,P009,Electronics,1,71.51269372717675,71.51269372717675
C0058,2021-02-04,P006,Electronics,2,16.802606674689653,33.605213349379305
C0036,2020-01-11,P002,Clothing,1,91.3305283561565,91.3305283561565
C0033,2021-06-23,P013,Clothing,2,85.67594652806048,171.35189305612096
C0028,2020-03-09,P009,Electronics,5,28.020643886351433,140.10321943175717
C0077,2021-12-04,P019,Clothing,5,36.567408717643964,182.8370435882198
C0083,2020-03-24,P019,Electronics,2,72.75851926316366,145.51703852632733
C0031,2021-12-03,P012,Electronics,1,68.59229114136954,68.59229114136954
C0015,2021-11-16,P012,Electronics,1,76.38792286884843,76.38792286884843
C0004,2021-02-08,P016,Clothing,4,45.528515824624094,182.11406329849638
C0002,2020-01-07,P014,Books,5,22.84512474893688,114.2256237446844
C0065,2021-01-04,P001,Electronics,5,16.939248412113425,84.69624206056713
C0091,2020-02-12,P005,Books,4,66.65046698979324,266.601867959173
C0041,2020-04-28,P015,Clothing,1,23.9556109711849,23.9556109711849
C0044,2021-09-27,P013,Books,4,26.922684197938665,107.69073679175466
C0083,2020-01-04,P009,Books,5,64.21270567204894,321.06352836024473
C0058,2020-10-03,P012,Clothing,3,41.49308416233308,124.47925248699926
C0030,2021-10-17,P001,Home Decor,3,62.68650638591043,188.05951915773127
C0001,2021-12-17,P004,Books,1,88.85602810633245,88.85602810633245
C0069,2020-10-26,P006,Clothing,1,48.64523681878044,48.64523681878044
C0046,2020-08-20,P005,Electronics,2,76.69559023562024,153.3911804712405
C0007,2020-05-24,P002,Electronics,2,20.509682780209513,41.019365560419025
C0078,2021-08-09,P008,Books,4,24.199925754492448,96.79970301796979
C0067,2020-10-21,P015,Books,3,49.72996951972203,149.1899085591661
C0080,2020-07-14,P008,Home Decor,3,86.40354490474222,259.21063471422667
C0013,2020-04-17,P001,Clothing,2,48.14350660384995,96.2870132076999
C0039,2021-03-20,P013,Electronics,1,26.15263943011297,26.15263943011297
C0018,2021-04-16,P017,Electronics,4,13.44825280382518,53.79301121530072
C0022,2020-12-04,P009,Clothing,3,77.50488327680303,232.5146498304091
C0055,2021-01-28,P001,Home Decor,5,61.560819429721455,307.8040971486073
C0003,2020-06-21,P009,Electronics,3,71.42124692350939,214.26374077052816
C0005,2020-12-04,P012,Home Decor,1,68.26480897818101,68.26480897818101
C0041,2021-03-07,P019,Electronics,1,18.867085345759765,18.867085345759765
C0029,2021-10-25,P014,Electronics,3,54.48472166141384,163.45416498424152
C0085,2021-12-04,P014,Books,5,56.838241918723114,284.19120959361555
C0003,2021-03-21,P008,Home Decor,4,12.709731738824715,50.83892695529886
C0032,2020-05-31,P005,Electronics,2,73.95780817808868,147.91561635617737
C0042,2021-04-03,P016,Clothing,3,82.3636104393085,247.0908313179255
C0021,2021-12-26,P016,Clothing,4,17.764025791799682,71.05610316719873
C0052,2020-05-31,P011,Clothing,2,83.93357689234556,167.8671537846911
C0036,2021-06-20,P012,Books,2,76.34127402846454,152.68254805692908
C0025,2020-11-19,P015,Electronics,3,33.117025220724955,99.35107566217486
C0004,2020-05-12,P007,Home Decor,2,60.62419586904323,121.24839173808645
C0050,2020-08-01,P014,Home Decor,4,43.87329924570528,175.49319698282113
C0098,2020-07-10,P020,Electronics,3,31.38305750695856,94.14917252087568
C0005,2021-03-30,P018,Home Decor,3,20.97751282970846,62.93253848912538
C0083,2020-12-23,P008,Electronics,4,84.02230458189277,336.0892183275711
C0034,2021-02-02,P007,Books,5,95.33216823263376,476.6608411631688
C0073,2021-03-13,P004,Books,2,80.16877685934698,160.33755371869395
C0057,2021-05-18,P015,Books,1,24.387264519316,24.387264519316
C0022,2021-02-02,P005,Clothing,4,54.70004430798205,218.8001772319282
C0021,2020-08-13,P012,Books,3,94.01118089649297,282.0335426894789
C0030,2020-07-19,P001,Electronics,5,31.887223207832857,159.4361160391643
C0033,2021-03-25,P010,Clothing,4,30.382662958791556,121.53065183516622
C0074,2020-07-28,P005,Electronics,2,73.62725134265747,147.25450268531495
C0080,2021-08-23,P006,Books,3,70.73318145440555,212.19954436321666
C0019,2021-12-28,P018,Books,3,88.46459830539845,265.39379491619536
C0073,2020-02-20,P010,Clothing,4,87.77522599186429,351.10090396745716
